resid,resname,one_letter,sasa,relative_sasa,exposure,hydrophobicity,charge,ss
1,MET,M,198.63,0.8867,exposed,1.9,0,C
2,GLU,E,135.69,0.6085,exposed,-3.5,-1,C
3,SER,S,92.4,0.5961,exposed,-0.8,0,H
4,GLY,G,49.02,0.4713,exposed,-0.4,0,H
5,SER,S,78.84,0.5086,exposed,-0.8,0,H
6,THR,T,86.66,0.5038,exposed,-0.7,0,H
7,ALA,A,57.33,0.4444,exposed,1.8,0,H
8,ALA,A,58.91,0.4567,exposed,1.8,0,H
9,SER,S,70.91,0.4575,exposed,-0.8,0,H
10,GLU,E,125.3,0.5619,exposed,-3.5,-1,H
11,GLU,E,125.2,0.5614,exposed,-3.5,-1,H
12,ALA,A,59.04,0.4577,exposed,1.8,0,H
13,ARG,R,163.06,0.5951,exposed,-4.5,1,H
14,SER,S,58.99,0.3806,partial,-0.8,0,H
15,LEU,L,106.27,0.5287,exposed,3.8,0,H
16,ARG,R,154.61,0.5643,exposed,-4.5,1,H
17,GLU,E,102.97,0.4617,exposed,-3.5,-1,H
18,CYS,C,71.87,0.4304,exposed,2.5,0,H
19,GLU,E,84.46,0.3787,partial,-3.5,-1,H
20,LEU,L,98.75,0.4913,exposed,3.8,0,H
21,TYR,Y,129.29,0.4916,exposed,-1.3,0,H
22,VAL,V,46.96,0.2699,partial,4.2,0,H
23,GLN,Q,30.45,0.1353,buried,-3.5,0,H
24,LYS,K,115.54,0.4896,exposed,-3.9,1,H
25,HIS,H,94.36,0.4212,exposed,-3.2,0.1,C
26,ASN,N,41.66,0.2136,partial,-3.5,0,C
27,ILE,I,35.02,0.1778,partial,4.5,0,H
28,GLN,Q,90.96,0.4043,exposed,-3.5,0,H
29,ALA,A,20.53,0.1591,partial,1.8,0,H
30,LEU,L,43.47,0.2163,partial,3.8,0,H
31,LEU,L,77.29,0.3845,partial,3.8,0,H
32,LYS,K,84.35,0.3574,partial,-3.9,1,H
33,ASP,D,28.54,0.1479,buried,-3.5,-1,H
34,SER,S,1.07,0.0069,buried,-0.8,0,H
35,ILE,I,96.61,0.4904,exposed,4.5,0,H
36,VAL,V,60.25,0.3463,partial,4.2,0,H
37,GLN,Q,59.14,0.2628,partial,-3.5,0,H
38,LEU,L,39.58,0.1969,partial,3.8,0,H
39,CYS,C,77.92,0.4666,exposed,2.5,0,H
40,THR,T,81.38,0.4731,exposed,-0.7,0,H
41,ALA,A,51.21,0.397,partial,1.8,0,H
42,ARG,R,189.17,0.6904,exposed,-4.5,1,C
43,PRO,P,41.57,0.2614,partial,-1.6,0,C
44,GLU,E,155.98,0.6995,exposed,-3.5,-1,C
45,ARG,R,162.98,0.5948,exposed,-4.5,1,C
46,PRO,P,65.21,0.4101,exposed,-1.6,0,H
47,MET,M,143.75,0.6417,exposed,1.9,0,H
48,ALA,A,39.74,0.3081,partial,1.8,0,H
49,PHE,F,50.47,0.2103,partial,2.8,0,H
50,LEU,L,39.85,0.1983,partial,3.8,0,H
51,ARG,R,131.15,0.4786,exposed,-4.5,1,H
52,GLU,E,84.29,0.378,partial,-3.5,-1,H
53,TYR,Y,19.99,0.076,buried,-1.3,0,H
54,PHE,F,71.78,0.2991,partial,2.8,0,H
55,GLU,E,70.12,0.3144,partial,-3.5,-1,H
56,ARG,R,114.06,0.4163,exposed,-4.5,1,H
57,LEU,L,17.57,0.0874,buried,3.8,0,H
58,GLU,E,118.69,0.5322,exposed,-3.5,-1,H
59,LYS,K,121.42,0.5145,exposed,-3.9,1,H
60,GLU,E,43.18,0.1936,partial,-3.5,-1,H
61,GLU,E,99.62,0.4467,exposed,-3.5,-1,H
62,ALA,A,52.75,0.4089,exposed,1.8,0,H
63,LYS,K,118.27,0.5011,exposed,-3.9,1,H
64,GLN,Q,104.07,0.4625,exposed,-3.5,0,H
65,ILE,I,90.44,0.4591,exposed,4.5,0,H
66,GLN,Q,99.79,0.4435,exposed,-3.5,0,H
67,ASN,N,94.44,0.4843,exposed,-3.5,0,H
68,LEU,L,81.83,0.4071,exposed,3.8,0,H
69,GLN,Q,116.24,0.5166,exposed,-3.5,0,H
70,LYS,K,102.69,0.4351,exposed,-3.9,1,H
71,ALA,A,55.53,0.4305,exposed,1.8,0,H
72,GLY,G,49.48,0.4758,exposed,-0.4,0,H
73,THR,T,105.67,0.6144,exposed,-0.7,0,H
74,ARG,R,165.19,0.6029,exposed,-4.5,1,C
75,THR,T,105.25,0.6119,exposed,-0.7,0,C
76,ASP,D,141.35,0.7324,exposed,-3.5,-1,C
77,SER,S,85.77,0.5534,exposed,-0.8,0,C
78,ARG,R,187.79,0.6854,exposed,-4.5,1,C
79,GLU,E,178.03,0.7983,exposed,-3.5,-1,C
80,ASP,D,133.44,0.6914,exposed,-3.5,-1,C
81,GLU,E,163.17,0.7317,exposed,-3.5,-1,C
82,ILE,I,155.64,0.7901,exposed,4.5,0,C
83,SER,S,79.37,0.5121,exposed,-0.8,0,C
84,PRO,P,112.95,0.7104,exposed,-1.6,0,C
85,PRO,P,109.59,0.6892,exposed,-1.6,0,C
86,PRO,P,94.72,0.5957,exposed,-1.6,0,C
87,PRO,P,120.47,0.7577,exposed,-1.6,0,C
88,ASN,N,97.4,0.4995,exposed,-3.5,0,C
89,PRO,P,97.0,0.6101,exposed,-1.6,0,C
90,VAL,V,98.51,0.5661,exposed,4.2,0,C
91,VAL,V,90.04,0.5175,exposed,4.2,0,C
92,LYS,K,156.78,0.6643,exposed,-3.9,1,C
93,GLY,G,31.42,0.3021,partial,-0.4,0,C
94,ARG,R,73.31,0.2676,partial,-4.5,1,C
95,ARG,R,124.93,0.4559,exposed,-4.5,1,C
96,ARG,R,37.89,0.1383,buried,-4.5,1,C
97,ARG,R,177.55,0.648,exposed,-4.5,1,C
98,GLY,G,67.71,0.6511,exposed,-0.4,0,C
99,ALA,A,45.5,0.3527,partial,1.8,0,C
100,ILE,I,41.65,0.2114,partial,4.5,0,C
101,SER,S,37.29,0.2406,partial,-0.8,0,C
102,ALA,A,17.57,0.1362,buried,1.8,0,C
103,GLU,E,41.3,0.1852,partial,-3.5,-1,C
104,VAL,V,75.04,0.4313,exposed,4.2,0,C
105,TYR,Y,41.57,0.1581,partial,-1.3,0,C
106,THR,T,56.21,0.3268,partial,-0.7,0,C
107,GLU,E,104.81,0.47,exposed,-3.5,-1,H
108,GLU,E,131.25,0.5886,exposed,-3.5,-1,H
109,ASP,D,31.62,0.1638,partial,-3.5,-1,H
110,ALA,A,27.35,0.212,partial,1.8,0,H
111,ALA,A,88.67,0.6874,exposed,1.8,0,H
112,SER,S,68.24,0.4403,exposed,-0.8,0,C
113,TYR,Y,37.67,0.1432,buried,-1.3,0,C
114,VAL,V,111.51,0.6409,exposed,4.2,0,C
115,ARG,R,106.43,0.3884,partial,-4.5,1,C
116,LYS,K,90.89,0.3851,partial,-3.9,1,C
117,VAL,V,94.37,0.5424,exposed,4.2,0,C
118,ILE,I,57.97,0.2943,partial,4.5,0,C
119,PRO,P,113.62,0.7146,exposed,-1.6,0,C
120,LYS,K,45.63,0.1933,partial,-3.9,1,C
121,ASP,D,85.76,0.4444,exposed,-3.5,-1,C
122,TYR,Y,185.45,0.7051,exposed,-1.3,0,H
123,LYS,K,157.65,0.668,exposed,-3.9,1,H
124,THR,T,15.14,0.088,buried,-0.7,0,H
125,MET,M,46.98,0.2097,partial,1.9,0,H
126,ALA,A,50.61,0.3923,partial,1.8,0,H
127,ALA,A,44.27,0.3432,partial,1.8,0,H
128,LEU,L,1.21,0.006,buried,3.8,0,H
129,ALA,A,46.28,0.3588,partial,1.8,0,H
130,LYS,K,131.26,0.5562,exposed,-3.9,1,H
131,ALA,A,2.14,0.0166,buried,1.8,0,H
132,ILE,I,3.62,0.0184,buried,4.5,0,H
133,GLU,E,113.53,0.5091,exposed,-3.5,-1,H
134,LYS,K,149.87,0.635,exposed,-3.9,1,C
135,ASN,N,18.32,0.0939,buried,-3.5,0,C
136,VAL,V,114.75,0.6595,exposed,4.2,0,H
137,LEU,L,28.98,0.1442,buried,3.8,0,H
138,PHE,F,3.35,0.014,buried,2.8,0,H
139,SER,S,67.01,0.4323,exposed,-0.8,0,C
140,HIS,H,36.37,0.1624,partial,-3.2,0.1,C
141,LEU,L,2.42,0.012,buried,3.8,0,C
142,ASP,D,11.4,0.0591,buried,-3.5,-1,C
143,ASP,D,50.21,0.2602,partial,-3.5,-1,H
144,ASN,N,98.52,0.5052,exposed,-3.5,0,H
145,GLU,E,8.57,0.0384,buried,-3.5,-1,H
146,ARG,R,61.15,0.2232,partial,-4.5,1,H
147,SER,S,51.47,0.3321,partial,-0.8,0,H
148,ASP,D,13.93,0.0722,buried,-3.5,-1,H
149,ILE,I,3.62,0.0184,buried,4.5,0,H
150,PHE,F,15.7,0.0654,buried,2.8,0,H
151,ASP,D,33.22,0.1721,partial,-3.5,-1,H
152,ALA,A,3.21,0.0249,buried,1.8,0,H
153,MET,M,0.0,0.0,buried,1.9,0,C
154,PHE,F,67.63,0.2818,partial,2.8,0,E
155,SER,S,69.87,0.4508,exposed,-0.8,0,E
156,VAL,V,42.27,0.2429,partial,4.2,0,E
157,SER,S,77.95,0.5029,exposed,-0.8,0,E
158,PHE,F,33.41,0.1392,buried,2.8,0,E
159,ILE,I,101.44,0.5149,exposed,4.5,0,C
160,ALA,A,51.35,0.3981,partial,1.8,0,C
161,GLY,G,54.99,0.5288,exposed,-0.4,0,C
162,GLU,E,73.32,0.3288,partial,-3.5,-1,C
163,THR,T,61.06,0.355,partial,-0.7,0,E
164,VAL,V,18.35,0.1055,buried,4.2,0,E
165,ILE,I,18.11,0.0919,buried,4.5,0,E
166,GLN,Q,70.73,0.3144,partial,-3.5,0,C
167,GLN,Q,56.52,0.2512,partial,-3.5,0,C
168,GLY,G,50.0,0.4808,exposed,-0.4,0,C
169,ASP,D,79.32,0.411,exposed,-3.5,-1,C
170,GLU,E,71.17,0.3191,partial,-3.5,-1,E
171,GLY,G,0.0,0.0,buried,-0.4,0,C
172,ASP,D,79.6,0.4124,exposed,-3.5,-1,C
173,ASN,N,20.67,0.106,buried,-3.5,0,E
174,PHE,F,0.0,0.0,buried,2.8,0,E
175,TYR,Y,15.0,0.057,buried,-1.3,0,E
176,VAL,V,3.62,0.0208,buried,4.2,0,E
177,ILE,I,1.07,0.0054,buried,4.5,0,E
178,ASP,D,30.14,0.1562,partial,-3.5,-1,E
179,GLN,Q,89.65,0.3984,partial,-3.5,0,E
180,GLY,G,16.52,0.1588,partial,-0.4,0,C
181,GLU,E,51.6,0.2314,partial,-3.5,-1,E
182,THR,T,0.0,0.0,buried,-0.7,0,E
183,ASP,D,21.57,0.1118,buried,-3.5,-1,E
184,VAL,V,18.11,0.1041,buried,4.2,0,E
185,TYR,Y,57.78,0.2197,partial,-1.3,0,E
186,VAL,V,55.14,0.3169,partial,4.2,0,E
187,ASN,N,115.84,0.5941,exposed,-3.5,0,C
188,ASN,N,132.38,0.6789,exposed,-3.5,0,C
189,GLU,E,121.73,0.5459,exposed,-3.5,-1,E
190,TRP,W,148.39,0.5207,exposed,-0.9,0,E
191,ALA,A,51.08,0.396,partial,1.8,0,E
192,THR,T,60.19,0.3499,partial,-0.7,0,E
193,SER,S,42.24,0.2725,partial,-0.8,0,E
194,VAL,V,26.57,0.1527,partial,4.2,0,E
195,GLY,G,28.91,0.278,partial,-0.4,0,E
196,GLU,E,122.11,0.5476,exposed,-3.5,-1,C
197,GLY,G,27.92,0.2685,partial,-0.4,0,C
198,GLY,G,18.11,0.1741,partial,-0.4,0,C
199,SER,S,30.09,0.1941,partial,-0.8,0,E
200,PHE,F,14.49,0.0604,buried,2.8,0,E
201,GLY,G,12.71,0.1222,buried,-0.4,0,C
202,GLU,E,40.6,0.1821,partial,-3.5,-1,H
203,LEU,L,85.74,0.4266,exposed,3.8,0,H
204,ALA,A,4.83,0.0374,buried,1.8,0,H
205,LEU,L,0.0,0.0,buried,3.8,0,H
206,ILE,I,27.89,0.1416,buried,4.5,0,H
207,TYR,Y,45.31,0.1723,partial,-1.3,0,H
208,GLY,G,25.32,0.2435,partial,-0.4,0,C
209,THR,T,20.92,0.1216,buried,-0.7,0,C
210,PRO,P,68.43,0.4304,exposed,-1.6,0,E
211,ARG,R,18.14,0.0662,buried,-4.5,1,C
212,ALA,A,65.01,0.504,exposed,1.8,0,C
213,ALA,A,16.68,0.1293,buried,1.8,0,C
214,THR,T,10.05,0.0584,buried,-0.7,0,E
215,VAL,V,3.62,0.0208,buried,4.2,0,E
216,LYS,K,73.02,0.3094,partial,-3.9,1,E
217,ALA,A,8.57,0.0664,buried,1.8,0,E
218,LYS,K,98.37,0.4168,exposed,-3.9,1,C
219,THR,T,56.49,0.3284,partial,-0.7,0,C
220,ASN,N,101.15,0.5187,exposed,-3.5,0,C
221,VAL,V,6.7,0.0385,buried,4.2,0,E
222,LYS,K,71.75,0.304,partial,-3.9,1,E
223,LEU,L,0.0,0.0,buried,3.8,0,E
224,TRP,W,27.78,0.0975,buried,-0.9,0,E
225,GLY,G,0.0,0.0,buried,-0.4,0,E
226,ILE,I,0.0,0.0,buried,4.5,0,E
227,ASP,D,31.77,0.1646,partial,-3.5,-1,E
228,ARG,R,56.8,0.2073,partial,-4.5,1,H
229,ASP,D,82.33,0.4266,exposed,-3.5,-1,H
230,SER,S,2.28,0.0147,buried,-0.8,0,H
231,TYR,Y,2.42,0.0092,buried,-1.3,0,H
232,ARG,R,72.34,0.264,partial,-4.5,1,H
233,ARG,R,90.06,0.3287,partial,-4.5,1,H
234,ILE,I,3.49,0.0177,buried,4.5,0,H
235,LEU,L,19.32,0.0961,buried,3.8,0,H
236,MET,M,14.97,0.0668,buried,1.9,0,H
237,GLY,G,6.04,0.0581,buried,-0.4,0,H
238,SER,S,6.43,0.0415,buried,-0.8,0,H
239,THR,T,17.82,0.1036,buried,-0.7,0,H
240,LEU,L,18.78,0.0934,buried,3.8,0,H
241,ARG,R,128.6,0.4693,exposed,-4.5,1,H
242,LYS,K,26.98,0.1143,buried,-3.9,1,H
243,ARG,R,3.51,0.0128,buried,-4.5,1,H
244,LYS,K,117.84,0.4993,exposed,-3.9,1,H
245,MET,M,70.66,0.3154,partial,1.9,0,H
246,TYR,Y,3.49,0.0133,buried,-1.3,0,H
247,GLU,E,35.65,0.1599,partial,-3.5,-1,H
248,GLU,E,90.62,0.4064,exposed,-3.5,-1,H
249,PHE,F,35.02,0.1459,buried,2.8,0,H
250,LEU,L,1.21,0.006,buried,3.8,0,H
251,SER,S,48.64,0.3138,partial,-0.8,0,H
252,LYS,K,118.83,0.5035,exposed,-3.9,1,H
253,VAL,V,1.21,0.007,buried,4.2,0,C
254,SER,S,16.48,0.1063,buried,-0.8,0,H
255,ILE,I,5.92,0.0301,buried,4.5,0,H
256,LEU,L,7.11,0.0354,buried,3.8,0,H
257,GLU,E,67.13,0.301,partial,-3.5,-1,C
258,SER,S,29.63,0.1912,partial,-0.8,0,C
259,LEU,L,3.21,0.016,buried,3.8,0,C
260,ASP,D,38.1,0.1974,partial,-3.5,-1,C
261,LYS,K,110.0,0.4661,exposed,-3.9,1,H
262,TRP,W,90.39,0.3172,partial,-0.9,0,H
263,GLU,E,11.96,0.0536,buried,-3.5,-1,H
264,ARG,R,35.11,0.1281,buried,-4.5,1,H
265,LEU,L,25.36,0.1262,buried,3.8,0,H
266,THR,T,20.65,0.1201,buried,-0.7,0,H
267,VAL,V,1.21,0.007,buried,4.2,0,H
268,ALA,A,8.57,0.0664,buried,1.8,0,H
269,ASP,D,10.19,0.0528,buried,-3.5,-1,H
270,ALA,A,15.29,0.1185,buried,1.8,0,H
271,LEU,L,14.2,0.0706,buried,3.8,0,C
272,GLU,E,33.64,0.1509,partial,-3.5,-1,E
273,PRO,P,29.22,0.1838,partial,-1.6,0,E
274,VAL,V,38.37,0.2205,partial,4.2,0,E
275,GLN,Q,96.92,0.4308,exposed,-3.5,0,E
276,PHE,F,34.48,0.1437,buried,2.8,0,E
277,GLU,E,118.4,0.5309,exposed,-3.5,-1,C
278,ASP,D,104.01,0.5389,exposed,-3.5,-1,C
279,GLY,G,43.44,0.4177,exposed,-0.4,0,C
280,GLN,Q,68.7,0.3053,partial,-3.5,0,C
281,LYS,K,131.55,0.5574,exposed,-3.9,1,E
282,ILE,I,23.57,0.1196,buried,4.5,0,E
283,VAL,V,12.08,0.0694,buried,4.2,0,E
284,VAL,V,52.66,0.3026,partial,4.2,0,C
285,GLN,Q,53.05,0.2358,partial,-3.5,0,C
286,GLY,G,50.14,0.4821,exposed,-0.4,0,C
287,GLU,E,87.52,0.3925,partial,-3.5,-1,C
288,PRO,P,123.69,0.7779,exposed,-1.6,0,C
289,GLY,G,13.58,0.1306,buried,-0.4,0,C
290,ASP,D,71.69,0.3715,partial,-3.5,-1,C
291,GLU,E,41.01,0.1839,partial,-3.5,-1,E
292,PHE,F,1.21,0.005,buried,2.8,0,E
293,PHE,F,3.62,0.0151,buried,2.8,0,E
294,ILE,I,2.42,0.0123,buried,4.5,0,E
295,ILE,I,0.0,0.0,buried,4.5,0,E
296,LEU,L,43.97,0.2188,partial,3.8,0,E
297,GLU,E,72.69,0.326,partial,-3.5,-1,E
298,GLY,G,24.72,0.2377,partial,-0.4,0,E
299,SER,S,46.38,0.2992,partial,-0.8,0,E
300,ALA,A,1.07,0.0083,buried,1.8,0,E
301,ALA,A,0.0,0.0,buried,1.8,0,E
302,VAL,V,21.74,0.1249,buried,4.2,0,E
303,LEU,L,30.19,0.1502,partial,3.8,0,E
304,GLN,Q,48.82,0.217,partial,-3.5,0,E
305,ARG,R,78.1,0.285,partial,-4.5,1,C
306,ARG,R,215.15,0.7852,exposed,-4.5,1,C
307,SER,S,51.37,0.3314,partial,-0.8,0,C
308,GLU,E,133.31,0.5978,exposed,-3.5,-1,C
309,ASN,N,142.16,0.729,exposed,-3.5,0,C
310,GLU,E,78.05,0.35,partial,-3.5,-1,C
311,GLU,E,144.49,0.6479,exposed,-3.5,-1,C
312,PHE,F,89.1,0.3712,partial,2.8,0,C
313,VAL,V,86.95,0.4997,exposed,4.2,0,E
314,GLU,E,69.42,0.3113,partial,-3.5,-1,E
315,VAL,V,85.94,0.4939,exposed,4.2,0,E
316,GLY,G,24.15,0.2322,partial,-0.4,0,E
317,ARG,R,157.52,0.5749,exposed,-4.5,1,E
318,LEU,L,32.33,0.1608,partial,3.8,0,E
319,GLY,G,15.59,0.1499,buried,-0.4,0,C
320,PRO,P,79.67,0.5011,exposed,-1.6,0,C
321,SER,S,31.78,0.205,partial,-0.8,0,C
322,ASP,D,63.9,0.3311,partial,-3.5,-1,C
323,TYR,Y,62.06,0.236,partial,-1.3,0,E
324,PHE,F,15.7,0.0654,buried,2.8,0,E
325,GLY,G,12.83,0.1234,buried,-0.4,0,C
326,GLU,E,27.6,0.1238,buried,-3.5,-1,H
327,ILE,I,31.28,0.1588,partial,4.5,0,H
328,ALA,A,2.3,0.0178,buried,1.8,0,H
329,LEU,L,2.42,0.012,buried,3.8,0,H
330,LEU,L,4.29,0.0213,buried,3.8,0,H
331,MET,M,38.61,0.1724,partial,1.9,0,H
332,ASN,N,118.71,0.6088,exposed,-3.5,0,C
333,ARG,R,105.97,0.3868,partial,-4.5,1,C
334,PRO,P,77.0,0.4843,exposed,-1.6,0,C
335,ARG,R,27.03,0.0986,buried,-4.5,1,C
336,ALA,A,41.31,0.3202,partial,1.8,0,C
337,ALA,A,19.64,0.1522,partial,1.8,0,C
338,THR,T,4.83,0.0281,buried,-0.7,0,E
339,VAL,V,6.04,0.0347,buried,4.2,0,E
340,VAL,V,9.66,0.0555,buried,4.2,0,E
341,ALA,A,0.0,0.0,buried,1.8,0,E
342,ARG,R,105.15,0.3838,partial,-4.5,1,E
343,GLY,G,15.7,0.151,partial,-0.4,0,E
344,PRO,P,116.44,0.7323,exposed,-1.6,0,E
345,LEU,L,0.0,0.0,buried,3.8,0,E
346,LYS,K,56.78,0.2406,partial,-3.9,1,E
347,CYS,C,1.07,0.0064,buried,2.5,0,E
348,VAL,V,3.62,0.0208,buried,4.2,0,E
349,LYS,K,45.52,0.1929,partial,-3.9,1,E
350,LEU,L,1.21,0.006,buried,3.8,0,E
351,ASP,D,34.17,0.177,partial,-3.5,-1,E
352,ARG,R,36.64,0.1337,buried,-4.5,1,H
353,PRO,P,73.26,0.4608,exposed,-1.6,0,H
354,ARG,R,59.15,0.2159,partial,-4.5,1,H
355,PHE,F,0.0,0.0,buried,2.8,0,H
356,GLU,E,72.21,0.3238,partial,-3.5,-1,H
357,ARG,R,123.02,0.449,exposed,-4.5,1,H
358,VAL,V,39.15,0.225,partial,4.2,0,H
359,LEU,L,16.75,0.0833,buried,3.8,0,H
360,GLY,G,10.87,0.1045,buried,-0.4,0,C
361,PRO,P,66.42,0.4177,exposed,-1.6,0,C
362,CYS,C,8.45,0.0506,buried,2.5,0,H
363,SER,S,57.32,0.3698,partial,-0.8,0,H
364,ASP,D,70.89,0.3673,partial,-3.5,-1,H
365,ILE,I,3.62,0.0184,buried,4.5,0,H
366,LEU,L,31.4,0.1562,partial,3.8,0,H
367,LYS,K,132.53,0.5616,exposed,-3.9,1,H
368,ARG,R,97.31,0.3551,partial,-4.5,1,H
369,ASN,N,32.07,0.1645,partial,-3.5,0,C
370,ILE,I,92.99,0.472,exposed,4.5,0,H
371,GLN,Q,150.4,0.6684,exposed,-3.5,0,H
372,GLN,Q,58.72,0.261,partial,-3.5,0,H
373,TYR,Y,1.21,0.0046,buried,-1.3,0,H
374,ASN,N,88.21,0.4524,exposed,-3.5,0,H
375,SER,S,54.72,0.353,partial,-0.8,0,H
376,PHE,F,81.03,0.3376,partial,2.8,0,H
377,VAL,V,22.94,0.1318,buried,4.2,0,H
378,SER,S,73.05,0.4713,exposed,-0.8,0,H
379,LEU,L,143.38,0.7133,exposed,3.8,0,H
380,SER,S,32.59,0.2103,partial,-0.8,0,C
381,VAL,V,149.67,0.8602,exposed,4.2,0,C
