resid,resname,one_letter,sasa,relative_sasa,exposure,hydrophobicity,charge,ss
1,ASP,D,146.66,0.7599,exposed,-3.5,-1,C
2,VAL,V,8.2,0.0471,buried,4.2,0,C
3,LEU,L,104.93,0.522,exposed,3.8,0,C
4,MET,M,9.67,0.0432,buried,1.9,0,E
5,THR,T,68.66,0.3992,partial,-0.7,0,E
6,GLN,Q,8.75,0.0389,buried,-3.5,0,E
7,THR,T,70.94,0.4124,exposed,-0.7,0,E
8,PRO,P,45.89,0.2886,partial,-1.6,0,C
9,LEU,L,118.01,0.5871,exposed,3.8,0,C
10,SER,S,61.06,0.3939,partial,-0.8,0,E
11,LEU,L,27.78,0.1382,buried,3.8,0,E
12,PRO,P,70.94,0.4462,exposed,-1.6,0,E
13,VAL,V,8.45,0.0486,buried,4.2,0,E
14,SER,S,39.98,0.2579,partial,-0.8,0,E
15,LEU,L,85.18,0.4238,exposed,3.8,0,C
16,GLY,G,44.4,0.4269,exposed,-0.4,0,C
17,ASP,D,77.84,0.4033,exposed,-3.5,-1,C
18,GLN,Q,108.76,0.4834,exposed,-3.5,0,C
19,ALA,A,2.42,0.0188,buried,1.8,0,E
20,SER,S,53.28,0.3437,partial,-0.8,0,E
21,ILE,I,2.42,0.0123,buried,4.5,0,E
22,SER,S,26.57,0.1714,partial,-0.8,0,E
23,CYS,C,0.0,0.0,buried,2.5,0,E
24,ARG,R,136.68,0.4988,exposed,-4.5,1,E
25,SER,S,15.27,0.0985,buried,-0.8,0,E
26,SER,S,68.65,0.4429,exposed,-0.8,0,C
27,GLN,Q,93.23,0.4144,exposed,-3.5,0,C
28,SER,S,53.05,0.3423,partial,-0.8,0,C
29,ILE,I,0.0,0.0,buried,4.5,0,C
30,VAL,V,59.02,0.3392,partial,4.2,0,E
31,HIS,H,57.1,0.2549,partial,-3.2,0.1,C
32,SER,S,112.25,0.7242,exposed,-0.8,0,C
33,ASN,N,81.58,0.4184,exposed,-3.5,0,C
34,GLY,G,52.01,0.5001,exposed,-0.4,0,C
35,ASN,N,52.08,0.2671,partial,-3.5,0,C
36,THR,T,22.86,0.1329,buried,-0.7,0,E
37,TYR,Y,70.94,0.2697,partial,-1.3,0,C
38,LEU,L,0.0,0.0,buried,3.8,0,E
39,GLU,E,40.85,0.1832,partial,-3.5,-1,E
40,TRP,W,0.0,0.0,buried,-0.9,0,E
41,TYR,Y,46.38,0.1763,partial,-1.3,0,E
42,LEU,L,9.52,0.0474,buried,3.8,0,E
43,GLN,Q,58.22,0.2588,partial,-3.5,0,E
44,LYS,K,62.52,0.2649,partial,-3.9,1,C
45,PRO,P,50.71,0.3189,partial,-1.6,0,C
46,GLY,G,84.51,0.8126,exposed,-0.4,0,C
47,GLN,Q,91.7,0.4076,exposed,-3.5,0,C
48,SER,S,69.4,0.4477,exposed,-0.8,0,C
49,PRO,P,67.32,0.4234,exposed,-1.6,0,C
50,LYS,K,105.22,0.4458,exposed,-3.9,1,E
51,LEU,L,48.97,0.2436,partial,3.8,0,E
52,LEU,L,13.28,0.0661,buried,3.8,0,C
53,ILE,I,0.0,0.0,buried,4.5,0,E
54,TYR,Y,87.68,0.3334,partial,-1.3,0,E
55,LYS,K,86.88,0.3681,partial,-3.9,1,C
56,VAL,V,16.77,0.0964,buried,4.2,0,C
57,SER,S,63.37,0.4088,exposed,-0.8,0,C
58,ASN,N,64.39,0.3302,partial,-3.5,0,E
59,ARG,R,100.05,0.3651,partial,-4.5,1,E
60,PHE,F,90.16,0.3757,partial,2.8,0,C
61,SER,S,98.69,0.6367,exposed,-0.8,0,C
62,GLY,G,73.66,0.7083,exposed,-0.4,0,C
63,VAL,V,22.25,0.1279,buried,4.2,0,C
64,PRO,P,54.34,0.3418,partial,-1.6,0,C
65,ASP,D,111.28,0.5766,exposed,-3.5,-1,C
66,ARG,R,26.48,0.0966,buried,-4.5,1,C
67,PHE,F,8.45,0.0352,buried,2.8,0,E
68,SER,S,50.94,0.3286,partial,-0.8,0,E
69,GLY,G,10.71,0.103,buried,-0.4,0,E
70,SER,S,59.39,0.3832,partial,-0.8,0,E
71,GLY,G,43.85,0.4216,exposed,-0.4,0,E
72,SER,S,82.46,0.532,exposed,-0.8,0,E
73,GLY,G,21.51,0.2068,partial,-0.4,0,C
74,THR,T,46.93,0.2728,partial,-0.7,0,C
75,ASP,D,76.52,0.3965,partial,-3.5,-1,E
76,PHE,F,2.17,0.009,buried,2.8,0,E
77,THR,T,45.56,0.2649,partial,-0.7,0,E
78,LEU,L,0.0,0.0,buried,3.8,0,E
79,LYS,K,76.24,0.3231,partial,-3.9,1,E
80,ILE,I,0.0,0.0,buried,4.5,0,E
81,SER,S,37.17,0.2398,partial,-0.8,0,C
82,ARG,R,137.98,0.5036,exposed,-4.5,1,C
83,VAL,V,3.21,0.0184,buried,4.2,0,C
84,GLU,E,65.02,0.2916,partial,-3.5,-1,C
85,ALA,A,14.15,0.1097,buried,1.8,0,H
86,GLU,E,82.95,0.372,partial,-3.5,-1,H
87,ASP,D,4.29,0.0222,buried,-3.5,-1,H
88,LEU,L,7.11,0.0354,buried,3.8,0,C
89,GLY,G,7.13,0.0686,buried,-0.4,0,E
90,VAL,V,38.64,0.2221,partial,4.2,0,E
91,TYR,Y,0.0,0.0,buried,-1.3,0,E
92,TYR,Y,58.05,0.2207,partial,-1.3,0,E
93,CYS,C,0.0,0.0,buried,2.5,0,E
94,PHE,F,32.61,0.1359,buried,2.8,0,E
95,GLN,Q,0.0,0.0,buried,-3.5,0,E
96,GLY,G,17.82,0.1713,partial,-0.4,0,C
97,SER,S,9.64,0.0622,buried,-0.8,0,C
98,HIS,H,56.14,0.2506,partial,-3.2,0.1,C
99,VAL,V,117.68,0.6763,exposed,4.2,0,C
100,PRO,P,55.55,0.3494,partial,-1.6,0,C
101,TYR,Y,131.03,0.4982,exposed,-1.3,0,C
102,THR,T,26.57,0.1545,partial,-0.7,0,E
103,PHE,F,115.42,0.4809,exposed,2.8,0,E
104,GLY,G,8.71,0.0838,buried,-0.4,0,C
105,GLY,G,65.87,0.6334,exposed,-0.4,0,C
106,GLY,G,6.56,0.0631,buried,-0.4,0,C
107,THR,T,0.0,0.0,buried,-0.7,0,E
108,LYS,K,103.15,0.4371,exposed,-3.9,1,E
109,LEU,L,4.29,0.0213,buried,3.8,0,E
110,GLU,E,24.12,0.1082,buried,-3.5,-1,E
111,ILE,I,0.0,0.0,buried,4.5,0,E
112,LYS,K,106.59,0.4517,exposed,-3.9,1,E
113,ARG,R,80.57,0.2941,partial,-4.5,1,C
114,ALA,A,69.13,0.5359,exposed,1.8,0,C
115,ASP,D,78.07,0.4045,exposed,-3.5,-1,C
116,ALA,A,15.7,0.1217,buried,1.8,0,E
117,ALA,A,49.97,0.3874,partial,1.8,0,C
118,PRO,P,10.71,0.0674,buried,-1.6,0,C
119,THR,T,80.31,0.4669,exposed,-0.7,0,E
120,VAL,V,11.85,0.0681,buried,4.2,0,E
121,SER,S,36.31,0.2343,partial,-0.8,0,E
122,ILE,I,26.83,0.1362,buried,4.5,0,E
123,PHE,F,92.99,0.3875,partial,2.8,0,E
124,PRO,P,57.0,0.3585,partial,-1.6,0,C
125,PRO,P,17.14,0.1078,buried,-1.6,0,C
126,SER,S,48.31,0.3117,partial,-0.8,0,C
127,SER,S,80.68,0.5205,exposed,-0.8,0,H
128,GLU,E,132.34,0.5935,exposed,-3.5,-1,H
129,GLN,Q,53.55,0.238,partial,-3.5,0,H
130,LEU,L,30.05,0.1495,buried,3.8,0,H
131,THR,T,118.51,0.689,exposed,-0.7,0,H
132,SER,S,94.52,0.6098,exposed,-0.8,0,H
133,GLY,G,34.19,0.3288,partial,-0.4,0,C
134,GLY,G,18.0,0.1731,partial,-0.4,0,E
135,ALA,A,0.0,0.0,buried,1.8,0,E
136,SER,S,26.53,0.1712,partial,-0.8,0,E
137,VAL,V,0.0,0.0,buried,4.2,0,E
138,VAL,V,32.61,0.1874,partial,4.2,0,E
139,CYS,C,0.0,0.0,buried,2.5,0,E
140,PHE,F,82.12,0.3422,partial,2.8,0,E
141,LEU,L,0.0,0.0,buried,3.8,0,E
142,ASN,N,49.58,0.2543,partial,-3.5,0,E
143,ASN,N,70.83,0.3632,partial,-3.5,0,C
144,PHE,F,1.21,0.005,buried,2.8,0,E
145,TYR,Y,14.61,0.0556,buried,-1.3,0,E
146,PRO,P,24.15,0.1519,partial,-1.6,0,C
147,LYS,K,95.79,0.4059,exposed,-3.9,1,C
148,ASP,D,109.89,0.5694,exposed,-3.5,-1,C
149,ILE,I,29.25,0.1485,buried,4.5,0,C
150,ASN,N,86.76,0.4449,exposed,-3.5,0,E
151,VAL,V,26.85,0.1543,partial,4.2,0,E
152,LYS,K,67.78,0.2872,partial,-3.9,1,E
153,TRP,W,3.39,0.0119,buried,-0.9,0,E
154,LYS,K,50.56,0.2142,partial,-3.9,1,E
155,ILE,I,22.13,0.1123,buried,4.5,0,E
156,ASP,D,71.84,0.3722,partial,-3.5,-1,C
157,GLY,G,53.24,0.5119,exposed,-0.4,0,C
158,SER,S,71.71,0.4626,exposed,-0.8,0,E
159,GLU,E,93.09,0.4174,exposed,-3.5,-1,E
160,VAL,V,36.76,0.2113,partial,4.2,0,E
161,GLN,Q,143.46,0.6376,exposed,-3.5,0,C
162,ASN,N,135.82,0.6965,exposed,-3.5,0,C
163,GLY,G,38.35,0.3688,partial,-0.4,0,C
164,VAL,V,41.57,0.2389,partial,4.2,0,E
165,LEU,L,125.05,0.6221,exposed,3.8,0,E
166,ASN,N,56.61,0.2903,partial,-3.5,0,E
167,SER,S,68.08,0.4392,exposed,-0.8,0,E
168,TRP,W,147.59,0.5179,exposed,-0.9,0,E
169,THR,T,74.04,0.4305,exposed,-0.7,0,C
170,ASP,D,82.18,0.4258,exposed,-3.5,-1,C
171,GLN,Q,14.65,0.0651,buried,-3.5,0,C
172,ASP,D,54.53,0.2825,partial,-3.5,-1,C
173,SER,S,64.14,0.4138,exposed,-0.8,0,C
174,LYS,K,184.82,0.7831,exposed,-3.9,1,C
175,ASP,D,59.12,0.3063,partial,-3.5,-1,C
176,SER,S,4.42,0.0285,buried,-0.8,0,C
177,THR,T,5.77,0.0335,buried,-0.7,0,C
178,TYR,Y,21.06,0.0801,buried,-1.3,0,E
179,SER,S,18.9,0.1219,buried,-0.8,0,C
180,MET,M,8.32,0.0371,buried,1.9,0,E
181,SER,S,30.7,0.1981,partial,-0.8,0,E
182,SER,S,0.0,0.0,buried,-0.8,0,E
183,THR,T,35.12,0.2042,partial,-0.7,0,E
184,LEU,L,0.0,0.0,buried,3.8,0,E
185,THR,T,70.4,0.4093,exposed,-0.7,0,E
186,LEU,L,28.3,0.1408,buried,3.8,0,E
187,THR,T,63.07,0.3667,partial,-0.7,0,E
188,LYS,K,71.59,0.3033,partial,-3.9,1,H
189,ASP,D,93.0,0.4819,exposed,-3.5,-1,H
190,GLU,E,67.44,0.3024,partial,-3.5,-1,H
191,TYR,Y,11.26,0.0428,buried,-1.3,0,H
192,GLU,E,84.29,0.378,partial,-3.5,-1,H
193,ARG,R,161.44,0.5892,exposed,-4.5,1,C
194,HIS,H,67.76,0.3025,partial,-3.2,0.1,C
195,ASN,N,44.82,0.2298,partial,-3.5,0,C
196,SER,S,29.36,0.1894,partial,-0.8,0,E
197,TYR,Y,0.0,0.0,buried,-1.3,0,E
198,THR,T,15.55,0.0904,buried,-0.7,0,E
199,CYS,C,0.0,0.0,buried,2.5,0,E
200,GLU,E,24.78,0.1111,buried,-3.5,-1,E
201,ALA,A,0.0,0.0,buried,1.8,0,E
202,THR,T,62.35,0.3625,partial,-0.7,0,E
203,HIS,H,11.69,0.0522,buried,-3.2,0.1,C
204,LYS,K,133.35,0.565,exposed,-3.9,1,C
205,THR,T,54.54,0.3171,partial,-0.7,0,C
206,SER,S,45.97,0.2966,partial,-0.8,0,C
207,THR,T,136.95,0.7962,exposed,-0.7,0,C
208,SER,S,70.09,0.4522,exposed,-0.8,0,C
209,PRO,P,55.79,0.3509,partial,-1.6,0,C
210,ILE,I,47.1,0.2391,partial,4.5,0,E
211,VAL,V,70.74,0.4066,exposed,4.2,0,E
212,LYS,K,88.15,0.3735,partial,-3.9,1,E
213,SER,S,69.93,0.4512,exposed,-0.8,0,E
214,PHE,F,24.15,0.1006,buried,2.8,0,E
215,ASN,N,40.33,0.2068,partial,-3.5,0,E
216,ARG,R,86.27,0.3149,partial,-4.5,1,H
217,ASN,N,115.42,0.5919,exposed,-3.5,0,H
218,GLU,E,128.53,0.5764,exposed,-3.5,-1,H
219,CYS,C,113.19,0.6778,exposed,2.5,0,C
